{
  "total_actions": 197632,
  "action_counts": {
    "RAISE": 83588,
    "CHECK": 103322,
    "FOLD": 10584,
    "CALL": 138
  },
  "per_stage_counts": {
    "pre-flop": {
      "RAISE": 43598,
      "CHECK": 32510,
      "FOLD": 1127,
      "CALL": 30
    },
    "flop": {
      "CHECK": 33282,
      "RAISE": 20364,
      "FOLD": 5245,
      "CALL": 66
    },
    "turn": {
      "RAISE": 12052,
      "CHECK": 22144,
      "FOLD": 2631,
      "CALL": 35
    },
    "river": {
      "CHECK": 15386,
      "RAISE": 7574,
      "FOLD": 1581,
      "CALL": 7
    }
  },
  "bet_scalar_stats": {
    "overall": {
      "count": 83588,
      "mean": 0.5708813536580623,
      "median": 0.5808326303958893,
      "p25": 0.38856832683086395,
      "p75": 0.7602065801620483,
      "p95": 0.9255668997764587
    },
    "pre-flop": {
      "count": 43598,
      "mean": 0.5761566108727617,
      "median": 0.5862063765525818,
      "p25": 0.396909661591053,
      "p75": 0.7642898559570312,
      "p95": 0.9281938225030899
    },
    "flop": {
      "count": 20364,
      "mean": 0.563638289193245,
      "median": 0.5728207528591156,
      "p25": 0.37962380796670914,
      "p75": 0.7520780712366104,
      "p95": 0.9221863448619843
    },
    "turn": {
      "count": 12052,
      "mean": 0.5638744613224344,
      "median": 0.574094831943512,
      "p25": 0.3801439553499222,
      "p75": 0.7542369663715363,
      "p95": 0.9211210846900939
    },
    "river": {
      "count": 7574,
      "mean": 0.5711393635793792,
      "median": 0.5822842717170715,
      "p25": 0.3848200738430023,
      "p75": 0.7643251568078995,
      "p95": 0.9268356025218962
    }
  },
  "bet_amount_stats": {
    "overall": {
      "count": 83588,
      "mean": 584.7360386658372,
      "median": 587.0,
      "p25": 419.0,
      "p75": 783.0,
      "p95": 990.0
    },
    "pre-flop": {
      "count": 43598,
      "mean": 587.8695811734483,
      "median": 605.0,
      "p25": 376.0,
      "p75": 819.0,
      "p95": 990.0
    },
    "flop": {
      "count": 20364,
      "mean": 589.7265763111373,
      "median": 588.0,
      "p25": 466.0,
      "p75": 758.0,
      "p95": 952.0
    },
    "turn": {
      "count": 12052,
      "mean": 573.7011284434119,
      "median": 562.0,
      "p25": 454.0,
      "p75": 726.0,
      "p95": 946.0
    },
    "river": {
      "count": 7574,
      "mean": 570.8397148138368,
      "median": 554.0,
      "p25": 452.0,
      "p75": 721.0,
      "p95": 950.0
    }
  }
}